<?xml version="1.0" encoding="UTF-8"?>
<project-private xmlns="http://www.netbeans.org/ns/project-private/1">
    <editor-bookmarks xmlns="http://www.netbeans.org/ns/editor-bookmarks/2" lastBookmarkId="0"/>
    <open-files xmlns="http://www.netbeans.org/ns/projectui-open-files/2">
        <group>
            <file>file:/D:/FPT/SWP391%20PROJECT/TourHub/TourHub/src/java/controller/ReviewServlet.java</file>
            <file>file:/D:/FPT/SWP391%20PROJECT/TourHub/TourHub/web/tourDetail.jsp</file>
            <file>file:/D:/FPT/SWP391%20PROJECT/TourHub/TourHub/src/java/DataAccess/DatabaseInfo.java</file>
            <file>file:/D:/FPT/SWP391%20PROJECT/TourHub/TourHub/src/java/controller/RegisterServlet.java</file>
            <file>file:/D:/FPT/SWP391%20PROJECT/TourHub/TourHub/src/java/DataAccess/UserDB.java</file>
            <file>file:/D:/FPT/SWP391%20PROJECT/TourHub/TourHub/src/java/controller/LoginServlet.java</file>
            <file>file:/D:/FPT/SWP391%20PROJECT/TourHub/TourHub/src/java/entity/GoogleAccount.java</file>
        </group>
    </open-files>
</project-private>
